scope,chapterId,sequence,activityId,origin,sourceIds,type,conceptKey,prompt,answer,options,notes,dataHash
"built-lesson","ch10","1","ch10-identify-1","generated/fallback","","quiz","shape-3d-identify","Which option is prism?","prism","[""cuboid"",""cylinder"",""ball"",""prism""]","","64fd927d"
"built-lesson","ch10","2","ch10-identify-2","generated/fallback","","quiz","shape-3d-identify","Which option is cuboid?","cuboid","[""cylinder"",""ball"",""cuboid"",""cube""]","","6349ab17"
"built-lesson","ch10","3","ch10-footprint-1","generated/fallback","","interactive","shape-3d-to-2d","What 2D shape comes from cube?","square","[""square"",""triangle"",""circle"",""rectangle""]","","a59ff56d"
"built-lesson","ch10","4","ch10-footprint-2","generated/fallback","","interactive","shape-3d-to-2d","What 2D shape comes from cuboid?","rectangle","[""rectangle"",""square"",""triangle"",""circle""]","","ab756862"
"built-lesson","ch10","5","ch10-mixed-identify-1","generated/fallback","","quiz","shape-3d-identify","Which option is cuboid?","cuboid","[""cuboid"",""prism"",""cylinder"",""cube""]","","00cdabbf"
"built-lesson","ch10","6","ch10-mixed-footprint-2","generated/fallback","","interactive","shape-3d-to-2d","What 2D shape comes from cylinder?","circle","[""circle"",""square"",""rectangle"",""triangle""]","","22459fe4"
"built-lesson","ch10","7","ch10-mixed-identify-3","generated/fallback","","quiz","shape-3d-identify","Which option is cube?","cube","[""ball"",""prism"",""cuboid"",""cube""]","","2aab27f6"
"built-lesson","ch10","8","ch10-mixed-footprint-4","generated/fallback","","interactive","shape-3d-to-2d","What 2D shape comes from prism?","triangle","[""triangle"",""circle"",""rectangle"",""square""]","","2e24b6ab"
"built-lesson","ch11","1","ch11-s5-q1","source/adapted","ch11-s5-q1","interactive","compare-area","Which shape has the smaller area?","D","[{""label"":""D"",""count"":2,""color"":""blue""},{""label"":""A"",""count"":4,""color"":""blue""}]","context=area","186f7a55"
"built-lesson","ch11","2","ch11-s5-q1-pair2","source/adapted","ch11-s5-q1-pair2","interactive","compare-area","Which shape has the smaller area?","A","[{""label"":""A"",""count"":4,""color"":""blue""},{""label"":""B"",""count"":6,""color"":""blue""}]","context=area","f11bd8a0"
"built-lesson","ch11","3","ch11-s5-q1-pair3","source/adapted","ch11-s5-q1-pair3","interactive","compare-area","Which shape has the smaller area?","B","[{""label"":""B"",""count"":6,""color"":""blue""},{""label"":""C"",""count"":8,""color"":""blue""}]","context=area","114d52fb"
"built-lesson","ch11","4","ch11-s3-q1","source/adapted","ch11-s3-q1","interactive","compare-capacity","Arrange containers from least to most cups.","order C -> B -> A / [1,2,3]","[""A:3"",""B:2"",""C:1""]","context=teapot","5416fd12"
"built-lesson","ch11","5","ch11-s4-q1","source/adapted","ch11-s4-q1","interactive","compare-capacity","Tap the container that has more water.","7","[""green:5"",""orange:7"",""brown-clay:3""]","context=bucket","b5f1f08a"
"built-lesson","ch11","6","ch11-capacity-3","generated/fallback","","interactive","compare-capacity","How many more cups does one container have?","3","[""c0:3"",""c1:6""]","","52b61c59"
"built-lesson","ch11","7","ch11-s6-q1-pair2","source/adapted","ch11-s6-q1-pair2","interactive","compare-area","Which shape has the larger area?","Shape B","[{""label"":""Shape A"",""count"":8,""color"":""blue""},{""label"":""Shape B"",""count"":20,""color"":""orange""}]","context=area","85f10c05"
"built-lesson","ch11","8","ch11-s6-q1-pair3","source/adapted","ch11-s6-q1-pair3","interactive","compare-area","Which shape has the larger area?","Shape A","[{""label"":""Shape A"",""count"":20,""color"":""blue""},{""label"":""Shape B"",""count"":10,""color"":""orange""}]","context=area","0c932713"
"built-lesson","ch12","1","ch12-learn-1","source/adapted","ch12-s7-q1","interactive","addition-make-10","9 + 3","{""finalAnswer"":12,""blanks"":[1,1,2,1,2,12]}","","","0313ac3d"
"built-lesson","ch12","2","ch12-learn-2","source/adapted","ch12-s7-q1-2","interactive","addition-make-10","5 + 8","{""finalAnswer"":13,""blanks"":[2,2,3,2,3,13]}","","","bd93ff81"
"built-lesson","ch12","3","ch12-learn-3","source/adapted","ch12-a-q1","quiz","addition-make-10","7 + ? = 10","{""finalAnswer"":3,""blanks"":[3]}","","","11bf971c"
"built-lesson","ch12","4","ch12-practice-1","source/adapted","ch12-a-q1-2","quiz","guided-box-make10","? + 9 = 10","{""finalAnswer"":1,""blanks"":[1]}","","","1b8d9a31"
"built-lesson","ch12","5","ch12-practice-2","source/adapted","ch12-a-q1-3","quiz","guided-box-make10","10 + 8 = ?","{""finalAnswer"":18,""blanks"":[18]}","","","8f705ec0"
"built-lesson","ch12","6","ch12-practice-3","source/adapted","ch12-a-q1-4","quiz","guided-box-make10","9 + 7 = ?","{""finalAnswer"":16,""blanks"":[16]}","","","01d38985"
"built-lesson","ch12","7","ch12-practice-4","generated/fallback","","quiz","guided-box-make10","5 + 6","{""finalAnswer"":11,""blanks"":[4,4,1,4,1,11]}","","","d2d66707"
"built-lesson","ch12","8","ch12-practice-5","generated/fallback","","quiz","guided-box-make10","5 + 7","{""finalAnswer"":12,""blanks"":[3,3,2,3,2,12]}","","","3bbfd7bb"
"built-lesson","ch13","1","ch13-learn-1","source/adapted","ch13-s8-q1","interactive","subtraction-use-10","14 - 8","{""finalAnswer"":6,""blanks"":[4,4,4,4,6]}","","","831c66df"
"built-lesson","ch13","2","ch13-learn-2","source/adapted","ch13-s8-q3-2","quiz","subtraction-use-10","18 - 9 = ?","{""finalAnswer"":9,""blanks"":[9]}","","","ce5be2a8"
"built-lesson","ch13","3","ch13-learn-3","source/adapted","ch13-s8-q3-3","quiz","subtraction-use-10","14 - 7 = ?","{""finalAnswer"":7,""blanks"":[7]}","","","dad50441"
"built-lesson","ch13","4","ch13-practice-1","source/adapted","ch13-s8-q3-4","quiz","guided-box-sub10","12 - 4 = ?","{""finalAnswer"":8,""blanks"":[8]}","","","fed7e46c"
"built-lesson","ch13","5","ch13-practice-2","source/adapted","ch13-a-q1","quiz","guided-box-sub10","15 - 8","{""finalAnswer"":7,""blanks"":[7]}","","","8318419c"
"built-lesson","ch13","6","ch13-practice-3","generated/fallback","","quiz","guided-box-sub10","11 - 4","{""finalAnswer"":7,""blanks"":[1,3,1,3,7]}","","","e9ed31d3"
"built-lesson","ch13","7","ch13-practice-4","generated/fallback","","quiz","guided-box-sub10","11 - 5","{""finalAnswer"":6,""blanks"":[10,1,5,5,1,6]}","","","c923c2f7"
"built-lesson","ch13","8","ch13-practice-5","generated/fallback","","quiz","guided-box-sub10","11 - 5","{""finalAnswer"":6,""blanks"":[1,4,1,4,6]}","","","7ff3a4c5"
"built-lesson","ch14","1","ch14-s9-q1","source/adapted","ch14-s9-q1","interactive","place-value-group","Group/count 40 blocks","4 tens, 0 ones","","context=block","cf45e2ff"
"built-lesson","ch14","2","ch14-s9-q1-2","source/adapted","ch14-s9-q1-2","interactive","place-value-group","Group/count 60 blocks","6 tens, 0 ones","","context=block","9bf7fbe3"
"built-lesson","ch14","3","ch14-hundreds-1","generated/fallback","","interactive","place-value-hundreds-chart","fill-missing on hundreds chart","[9,12,72,95]","","","9fec3320"
"built-lesson","ch14","4","ch14-hundreds-2","generated/fallback","","interactive","place-value-hundreds-chart","jump-by-10 on hundreds chart","[14,34,84]","","","bfe1eccb"
"built-lesson","ch14","5","ch14-hundreds-3","generated/fallback","","interactive","place-value-hundreds-chart","I have 3 tens and 4 ones. Who am I?","34","","","1e581046"
"built-lesson","ch14","6","ch14-numberline-1","generated/fallback","","interactive","place-value-number-line","Fill number line 0-50, jump 10","[10,30]","","","0f3c9833"
"built-lesson","ch14","7","ch14-numberline-2","generated/fallback","","interactive","place-value-number-line","Fill number line 0-100, jump 5","[45,50,65]","","","2cfd9ae3"
"built-lesson","ch14","8","ch14-numberline-3","generated/fallback","","interactive","place-value-number-line","Fill number line 0-100, jump 10","[20,70,80]","","","db200984"
"built-lesson","ch15","1","ch15-compose-1","generated/fallback","","interactive","compose-shapes","a large triangle","correct","[{""id"":""wrong-2"",""pieces"":[""rectangle"",""triangle""],""label"":""rectangle + triangle""},{""id"":""correct"",""pieces"":[""triangle"",""triangle""],""label"":""triangle + triangle""},{""id"":""wrong-1"",""pieces"":[""square"",""triangle""],""label"":""square + triangle""}]","","d16d1586"
"built-lesson","ch15","2","ch15-compose-2","generated/fallback","","interactive","compose-shapes","a rectangle","correct","[{""id"":""wrong-1"",""pieces"":[""square"",""square"",""square""],""label"":""square + square + square""},{""id"":""correct"",""pieces"":[""triangle"",""triangle"",""square""],""label"":""triangle + triangle + square""},{""id"":""wrong-2"",""pieces"":[""triangle"",""square""],""label"":""triangle + square""}]","","9f04aeb8"
"built-lesson","ch15","3","ch15-compose-3","generated/fallback","","interactive","compose-shapes","a large triangle","correct","[{""id"":""wrong-1"",""pieces"":[""square"",""triangle"",""triangle""],""label"":""square + triangle + triangle""},{""id"":""correct"",""pieces"":[""triangle"",""triangle"",""triangle"",""triangle""],""label"":""triangle + triangle + triangle + triangle""},{""id"":""wrong-2"",""pieces"":[""rectangle"",""triangle""],""label"":""rectangle + triangle""}]","","673502f4"
"built-lesson","ch15","4","ch15-compose-4","generated/fallback","","interactive","compose-shapes","a square","correct","[{""id"":""correct"",""pieces"":[""triangle"",""triangle"",""triangle"",""triangle""],""label"":""triangle + triangle + triangle + triangle""},{""id"":""wrong-1"",""pieces"":[""triangle"",""triangle""],""label"":""triangle + triangle""},{""id"":""wrong-2"",""pieces"":[""square"",""square""],""label"":""square + square""}]","","7291d78c"
"built-lesson","ch15","5","ch15-identify-1","generated/fallback","","quiz","shape-3d-identify","Which option is prism?","prism","[""cuboid"",""cube"",""ball"",""prism""]","","327073f8"
"built-lesson","ch15","6","ch15-identify-2","generated/fallback","","quiz","shape-3d-identify","Which option is cylinder?","cylinder","[""cylinder"",""ball"",""cube"",""cuboid""]","","093dba87"
"built-lesson","ch15","7","ch15-footprint-1","generated/fallback","","interactive","shape-3d-to-2d","What 2D shape comes from cuboid?","rectangle","[""rectangle"",""square"",""triangle"",""circle""]","","ab756862"
"built-lesson","ch15","8","ch15-footprint-2","generated/fallback","","interactive","shape-3d-to-2d","What 2D shape comes from prism?","triangle","[""triangle"",""circle"",""rectangle"",""square""]","","2e24b6ab"
"built-lesson","ch16","1","s20_p2","source/adapted","s20_p2","interactive","tell-time","What time is it?","10:30","[""10:30"",""10:00""]","context=clock","2ed5140c"
"built-lesson","ch16","2","s20_p2-2","source/adapted","s20_p2-2","interactive","tell-time","What time is it?","7:00","[""7:00"",""7:30""]","context=clock","2b74d576"
"built-lesson","ch16","3","ch16-read-3","generated/fallback","","interactive","tell-time","What time is it?","half past 5","[""half past 4"",""half past 5"",""half past 6""]","","15138f6e"
"built-lesson","ch16","4","ch16-read-4","generated/fallback","","interactive","tell-time","What time is it?","half past 1","[""half past 12"",""half past 1"",""6 o'clock""]","","eac6fecb"
"built-lesson","ch16","5","ch16-clock-1","generated/fallback","","interactive","tell-time","What time is it?","9 o'clock","[""half past 10"",""8 o'clock"",""9 o'clock""]","","82541ca2"
"built-lesson","ch16","6","ch16-clock-2","generated/fallback","","interactive","tell-time","What time is it?","10 o'clock","[""10 o'clock"",""12 o'clock"",""9 o'clock""]","","fd7beefe"
"built-lesson","ch16","7","ch16-clock-3","generated/fallback","","interactive","tell-time","Set 12 half-past","12 half-past","","","c91baab0"
"built-lesson","ch16","8","ch16-clock-4","generated/fallback","","interactive","tell-time","Set 7 o-clock","7 o-clock","","","77564684"
"built-lesson","ch17","1","ch17-s22-q5","source/adapted","ch17-s22-q5","interactive","add-sub-mixed","There were 12 cakes. 4 were eaten. How many are left?","8","","context=cakes","684f7a87"
"built-lesson","ch17","2","ch17-word-2","generated/fallback","","interactive","add-sub-mixed","Omar has 6 birds. Omar gave 5 to a friend. How many birds does Omar have now?","1","","","b46bd175"
"built-lesson","ch17","3","ch17-word-3","generated/fallback","","interactive","add-sub-mixed","Nour has 20 apples. Nour gave 11 to a friend. How many apples does Nour have now?","9","","","8dd65d61"
"built-lesson","ch17","4","ch17-word-4","generated/fallback","","interactive","add-sub-mixed","Omar has 12 stars. Omar gave 2 to a friend. How many stars does Omar have now?","10","","","c650e9f4"
"built-lesson","ch17","5","ch17-s21-q1","source/adapted","ch17-s21-q1","quiz","guided-box-make10","20 and 3 make __","{""finalAnswer"":23,""blanks"":[23]}","","context=stick","032be230"
"built-lesson","ch17","6","ch17-s21-q4","source/adapted","ch17-s21-q4","quiz","guided-box-sub10","If you are the 4th person in a line, how many people are in front of you?","{""finalAnswer"":3,""blanks"":[3]}","","","b708cca1"
"built-lesson","ch17","7","ass17_p1","source/adapted","ass17_p1","quiz","number-comparison","45 ? 27; 8 tens ? 11 ones; 79 ? 82","45 > 27; 8 tens > 11 ones; 79 < 82",">; <; =","","a48d10ad"
"built-lesson","ch17","8","ch17-word-extra-1","generated/fallback","","interactive","add-sub-mixed","Hani has 8 birds. Hani gave 4 to a friend. How many birds does Hani have now?","4","","","bc2be30b"
"raw-source","ch10","1","ch10-s1-q1","source-json","ch10-s1-q1","multiple-choice-visual","","Which shape looks like [Target]? | target=prism","c","[{""id"":""a"",""imageType"":""sphere"",""context"":""tennis-ball""},{""id"":""b"",""imageType"":""cylinder"",""context"":""blue-glass""},{""id"":""c"",""imageType"":""prism"",""context"":""cheese-wedge""},{""id"":""d"",""imageType"":""cube"",""context"":""rubiks-cube""}]","","428c408e"
"raw-source","ch10","1","ch10-s1-q1-2","source-json","ch10-s1-q1","multiple-choice-visual","","Which shape looks like [Target]? | target=sphere","a","[{""id"":""a"",""imageType"":""sphere"",""context"":""basket-ball""},{""id"":""b"",""imageType"":""cylinder"",""context"":""red-can""},{""id"":""c"",""imageType"":""cuboid"",""context"":""juice-box""},{""id"":""d"",""imageType"":""cylinder"",""context"":""blue-drum""}]","expanded from ch10-s1-q1","831b2272"
"raw-source","ch10","2","ch10-s1-q2","source-json","ch10-s1-q2","matching","","Join each shape to its name.","[""1"",""Cuboid shape""]","[""Prism shape"",""Cuboid shape"",""Cube shape"",""Ball shape"",""Cylinder shape""]","","9fea5b95"
"raw-source","ch10","2","ch10-s1-q2-2","source-json","ch10-s1-q2","matching","","Join each shape to its name.","[""2"",""Prism shape""]","[""Prism shape"",""Cuboid shape"",""Cube shape"",""Ball shape"",""Cylinder shape""]","expanded from ch10-s1-q2","2f579164"
"raw-source","ch10","2","ch10-s1-q2-3","source-json","ch10-s1-q2","matching","","Join each shape to its name.","[""3"",""Ball shape""]","[""Prism shape"",""Cuboid shape"",""Cube shape"",""Ball shape"",""Cylinder shape""]","expanded from ch10-s1-q2","b4b255a2"
"raw-source","ch10","2","ch10-s1-q2-4","source-json","ch10-s1-q2","matching","","Join each shape to its name.","[""4"",""Cylinder shape""]","[""Prism shape"",""Cuboid shape"",""Cube shape"",""Ball shape"",""Cylinder shape""]","expanded from ch10-s1-q2","268a0dcb"
"raw-source","ch10","2","ch10-s1-q2-5","source-json","ch10-s1-q2","matching","","Join each shape to its name.","[""5"",""Cube shape""]","[""Prism shape"",""Cuboid shape"",""Cube shape"",""Ball shape"",""Cylinder shape""]","expanded from ch10-s1-q2","5b81a9a2"
"raw-source","ch10","3","ch10-s2-q1","source-json","ch10-s2-q1","visual-selection","","Trace the following shapes, then circle the shapes you draw. | source=cylinder","circle","[""circle"",""triangle"",""rectangle"",""square""]","","d58bbb79"
"raw-source","ch10","3","ch10-s2-q1-2","source-json","ch10-s2-q1","visual-selection","","Trace the following shapes, then circle the shapes you draw. | source=prism","triangle","[""triangle"",""square"",""circle"",""rectangle""]","expanded from ch10-s2-q1","41dc7665"
"raw-source","ch10","3","ch10-s2-q1-3","source-json","ch10-s2-q1","visual-selection","","Trace the following shapes, then circle the shapes you draw. | source=cuboid","rectangle","[""triangle"",""circle"",""square"",""rectangle""]","expanded from ch10-s2-q1","4554fa94"
"raw-source","ch10","3","ch10-s2-q1-4","source-json","ch10-s2-q1","visual-selection","","Trace the following shapes, then circle the shapes you draw. | source=cube","square","[""circle"",""triangle"",""square"",""rectangle""]","expanded from ch10-s2-q1","81d3bc12"
"raw-source","ch10","4","ch10-a-q5","source-json","ch10-a-q5","counting-composite","","How many?","{""cube"":6,""cuboid"":2,""cylinder"":1,""ball"":0}","","","7ff6e7fe"
"raw-source","ch11","1","ch11-s3-q1","source-json","ch11-s3-q1","ordering","capacity","Arrange the containers in order from most to least amount.","[""A"",""B"",""C""]","","","525e2b32"
"raw-source","ch11","1","ch11-s3-q1-2","source-json","ch11-s3-q1","ordering","capacity","Arrange the containers in order from most to least amount.","[""A"",""B"",""C""]","","expanded from ch11-s3-q1","230d6ed9"
"raw-source","ch11","1","ch11-s3-q1-3","source-json","ch11-s3-q1","ordering","capacity","Arrange the containers in order from most to least amount.","[""A"",""B"",""C""]","","expanded from ch11-s3-q1","cd4559d6"
"raw-source","ch11","2","ch11-s4-q1","source-json","ch11-s4-q1","unit-counting","","Notice the amount of water in each container. Write how many cups. | target=bucket","5","","","c2a3c5ea"
"raw-source","ch11","2","ch11-s4-q1-2","source-json","ch11-s4-q1","unit-counting","","Notice the amount of water in each container. Write how many cups. | target=juice-box","7","","expanded from ch11-s4-q1","0f098b01"
"raw-source","ch11","2","ch11-s4-q1-3","source-json","ch11-s4-q1","unit-counting","","Notice the amount of water in each container. Write how many cups. | target=vase","3","","expanded from ch11-s4-q1","be59e9ef"
"raw-source","ch11","3","ch11-s5-q1","source-json","ch11-s5-q1","area-comparison-visual","area","Arrange from the smallest area to the largest area.","[""D"",""A"",""B"",""C""]","","","4da8afcb"
"raw-source","ch11","3","ch11-s5-q1-2","source-json","ch11-s5-q1","area-comparison-visual","area","Arrange from the smallest area to the largest area.","[""D"",""A"",""B"",""C""]","","expanded from ch11-s5-q1","9dd6393a"
"raw-source","ch11","3","ch11-s5-q1-3","source-json","ch11-s5-q1","area-comparison-visual","area","Arrange from the smallest area to the largest area.","[""D"",""A"",""B"",""C""]","","expanded from ch11-s5-q1","6e232d5b"
"raw-source","ch11","3","ch11-s5-q1-4","source-json","ch11-s5-q1","area-comparison-visual","area","Arrange from the smallest area to the largest area.","[""D"",""A"",""B"",""C""]","","expanded from ch11-s5-q1","b82dfe7c"
"raw-source","ch11","4","ch11-s6-q1","source-json","ch11-s6-q1","area-grid-counting","area","Count the squares of the colored area, and write how many units.","","","","ac8a1947"
"raw-source","ch11","4","ch11-s6-q1-2","source-json","ch11-s6-q1","area-grid-counting","area","Count the squares of the colored area, and write how many units.","","","expanded from ch11-s6-q1","fde68dd4"
"raw-source","ch11","4","ch11-s6-q1-3","source-json","ch11-s6-q1","area-grid-counting","area","Count the squares of the colored area, and write how many units.","","","expanded from ch11-s6-q1","31377577"
"raw-source","ch11","4","ch11-s6-q1-4","source-json","ch11-s6-q1","area-grid-counting","area","Count the squares of the colored area, and write how many units.","","","expanded from ch11-s6-q1","89819d0e"
"raw-source","ch11","5","ch11-s6-q3","source-json","ch11-s6-q3","word-problem","arithmetic","Youssef and Omar colored the shape, and this is what it looked like on the right.","Omar","[""Youssef"",""Omar""]","","caa016c9"
"raw-source","ch12","1","ch12-s7-q1","source-json","ch12-s7-q1","split-tree-addition","arithmetic","Let's do addition. Make a 10.","12","","","f91c0011"
"raw-source","ch12","2","ch12-s7-q1-2","source-json","ch12-s7-q1-2","split-tree-addition","arithmetic","Make a 10 to add.","13","","","734e25d7"
"raw-source","ch12","3","ch12-s7-q3","source-json","ch12-s7-q3","word-problem","arithmetic","There are 8 dogs. 7 more dogs come. How many dogs are there in total?","15","","","f54dbca6"
"raw-source","ch12","4","ch12-a-q1","source-json","ch12-a-q1","fill-in-the-blanks","arithmetic","Complete the following. | 7 + __ = 10","3","","","5dc50aa7"
"raw-source","ch12","4","ch12-a-q1-2","source-json","ch12-a-q1","fill-in-the-blanks","arithmetic","Complete the following. | __ + 9 = 10","1","","expanded from ch12-a-q1","9b0fa0f6"
"raw-source","ch12","4","ch12-a-q1-3","source-json","ch12-a-q1","fill-in-the-blanks","arithmetic","Complete the following. | 10 + 8 = __","18","","expanded from ch12-a-q1","6168e4ce"
"raw-source","ch12","4","ch12-a-q1-4","source-json","ch12-a-q1","fill-in-the-blanks","arithmetic","Complete the following. | 9 + 7 = __","16","","expanded from ch12-a-q1","059017ec"
"raw-source","ch13","1","ch13-s8-q1","source-json","ch13-s8-q1","split-tree-subtraction","arithmetic","Let's look at how to calculate 14 - 8. Tell us what numbers go in the [Box].","6","","","c1252ae0"
"raw-source","ch13","2","ch13-s8-q3","source-json","ch13-s8-q3","fill-in-the-blanks","arithmetic","Complete the following. | 10 + 5 = __","15","","","70cff6dd"
"raw-source","ch13","2","ch13-s8-q3-2","source-json","ch13-s8-q3","fill-in-the-blanks","arithmetic","Complete the following. | 18 - 9 = __","9","","expanded from ch13-s8-q3","1c60be9b"
"raw-source","ch13","2","ch13-s8-q3-3","source-json","ch13-s8-q3","fill-in-the-blanks","arithmetic","Complete the following. | 14 - 7 = __","7","","expanded from ch13-s8-q3","8504493e"
"raw-source","ch13","2","ch13-s8-q3-4","source-json","ch13-s8-q3","fill-in-the-blanks","arithmetic","Complete the following. | 12 - 4 = __","8","","expanded from ch13-s8-q3","627ab4d9"
"raw-source","ch13","3","ch13-a-q1","source-json","ch13-a-q1","result-finding","arithmetic","Find the result. | 15 - 8","7","","","d6f02233"
"raw-source","ch13","3","ch13-a-q1-2","source-json","ch13-a-q1","result-finding","arithmetic","Find the result.","prism","","expanded from ch13-a-q1","a6f5ce05"
"raw-source","ch14","1","ch14-s9-q1","source-json","ch14-s9-q1","ten-grouping","place-value/number","Count the groups of 10, then write the numerals.","","","","10975944"
"raw-source","ch14","1","ch14-s9-q1-2","source-json","ch14-s9-q1","ten-grouping","place-value/number","Count the groups of 10, then write the numerals.","","","expanded from ch14-s9-q1","055073bf"
"raw-source","ch14","1","ch14-s9-q1-3","source-json","ch14-s9-q1","ten-grouping","place-value/number","Count the groups of 10, then write the numerals.","","","expanded from ch14-s9-q1","3248ed8c"
"raw-source","ch14","2","ch14-s10-q1","source-json","ch14-s10-q1","place-value-counting","place-value/number","Count how many 10s and 1s. Write the number.","","","","4a8da38e"
"raw-source","ch14","2","ch14-s10-q1-2","source-json","ch14-s10-q1","place-value-counting","place-value/number","Count how many 10s and 1s. Write the number.","","","expanded from ch14-s10-q1","0a88f9dd"
"raw-source","ch14","2","ch14-s10-q1-3","source-json","ch14-s10-q1","place-value-counting","place-value/number","Count how many 10s and 1s. Write the number.","","","expanded from ch14-s10-q1","a3930a4e"
"raw-source","ch14","3","ch14-s10-q4","source-json","ch14-s10-q4","word-problem","arithmetic","Ahmed had 13 pencils. He gave away 9 of them. How many pencils does he have now?","4","","","5024235f"
"raw-source","ch14","4","ch14-s11-q1","source-json","ch14-s11-q1","matching-to-100","place-value/number","Match the pairs that make 100.","{""left"":30,""right"":70}","","","7d9d2aaf"
"raw-source","ch14","4","ch14-s11-q1-2","source-json","ch14-s11-q1","matching-to-100","place-value/number","Match the pairs that make 100.","{""left"":40,""right"":60}","","expanded from ch14-s11-q1","d1b6aefc"
"raw-source","ch14","4","ch14-s11-q1-3","source-json","ch14-s11-q1","matching-to-100","place-value/number","Match the pairs that make 100.","{""left"":50,""right"":50}","","expanded from ch14-s11-q1","a787757f"
"raw-source","ch14","4","ch14-s11-q1-4","source-json","ch14-s11-q1","matching-to-100","place-value/number","Match the pairs that make 100.","{""left"":80,""right"":20}","","expanded from ch14-s11-q1","5f6fc27a"
"raw-source","ch14","5","ch14-s12-q1","source-json","ch14-s12-q1","grid-fragment-fill","place-value/number","Fill in the missing numbers in the 100-chart fragments.","","","","608db958"
"raw-source","ch14","6","ch14-s15-q1","source-json","ch14-s15-q1","math-problems","arithmetic","Solve the addition and subtraction problems.","73","","","591ed078"
"raw-source","ch14","6","ch14-s15-q1-2","source-json","ch14-s15-q1","math-problems","arithmetic","Solve the addition and subtraction problems.","100","","expanded from ch14-s15-q1","38ac413e"
"raw-source","ch14","6","ch14-s15-q1-3","source-json","ch14-s15-q1","math-problems","arithmetic","Solve the addition and subtraction problems.","40","","expanded from ch14-s15-q1","4261e02e"
"raw-source","ch14","6","ch14-s15-q1-4","source-json","ch14-s15-q1","math-problems","arithmetic","Solve the addition and subtraction problems.","96","","expanded from ch14-s15-q1","b6f4923c"
"raw-source","ch14","7","ch14-s16-q1","source-json","ch14-s16-q1","capacity-ordering","capacity","Order the beakers from the least capacity to the greatest capacity.","A, C, B","","","7b47e079"
"raw-source","ch14","7","ch14-s16-q1-2","source-json","ch14-s16-q1","capacity-ordering","capacity","Order the beakers from the least capacity to the greatest capacity.","A, C, B","","expanded from ch14-s16-q1","9ed80988"
"raw-source","ch14","7","ch14-s16-q1-3","source-json","ch14-s16-q1","capacity-ordering","capacity","Order the beakers from the least capacity to the greatest capacity.","A, C, B","","expanded from ch14-s16-q1","2d1f5f91"
"raw-source","ch14","8","ch14-s16-q3","source-json","ch14-s16-q3","word-problem","arithmetic","Mariam had 80 candies. She gave 40 to her brother. How many does she have left?","40","","","16cf70c2"
"raw-source","ch15","1","s17_p1","source-json","s17_p1","shape_composition","shape","How many pieces of colored paper A do you need to make each shape below?","10","","","09eaf82d"
"raw-source","ch15","1","s17_p1-2","source-json","s17_p1","shape_composition","shape","How many pieces of colored paper A do you need to make each shape below?","8","","expanded from s17_p1","cb349d85"
"raw-source","ch15","1","s17_p1-3","source-json","s17_p1","shape_composition","shape","How many pieces of colored paper A do you need to make each shape below?","8","","expanded from s17_p1","15f97922"
"raw-source","ch15","2","s17_p2","source-json","s17_p2","mixed_arithmetic","arithmetic","Complete the following.","","","","2529f0fd"
"raw-source","ch15","3","s17_p3","source-json","s17_p3","comparison_circle","","Circle the bigger number.","{""options"":[62,69],""answer"":69}","","","87355161"
"raw-source","ch15","3","s17_p3-2","source-json","s17_p3","comparison_circle","","Circle the bigger number.","{""options"":[19,91],""answer"":91}","","expanded from s17_p3","1df69920"
"raw-source","ch15","3","s17_p3-3","source-json","s17_p3","comparison_circle","","Circle the bigger number.","{""options"":[120,112],""answer"":120}","","expanded from s17_p3","7c6afdb3"
"raw-source","ch15","3","s17_p3-4","source-json","s17_p3","comparison_circle","","Circle the bigger number.","{""options"":[54,47],""answer"":54}","","expanded from s17_p3","1cb122b9"
"raw-source","ch15","4","s17_p4","source-json","s17_p4","capacity_ordering","capacity","Arrange the containers in order from most to least amount.","A, D, B, C","","","b94cd3db"
"raw-source","ch15","4","s17_p4-2","source-json","s17_p4","capacity_ordering","capacity","Arrange the containers in order from most to least amount.","A, D, B, C","","expanded from s17_p4","064e337c"
"raw-source","ch15","4","s17_p4-3","source-json","s17_p4","capacity_ordering","capacity","Arrange the containers in order from most to least amount.","A, D, B, C","","expanded from s17_p4","5e161357"
"raw-source","ch15","4","s17_p4-4","source-json","s17_p4","capacity_ordering","capacity","Arrange the containers in order from most to least amount.","A, D, B, C","","expanded from s17_p4","4e8435ba"
"raw-source","ch15","5","s18_p1","source-json","s18_p1","stick_construction","","We made a shape using sticks (—) as follow. Answer the questions.","","","","523189f2"
"raw-source","ch15","6","s18_p2","source-json","s18_p2","multiple_choice","","Choose the correct answer.","","","","e8bb3637"
"raw-source","ch15","7","s18_p3","source-json","s18_p3","grid_fragment","place-value/number","Write the number in [blank square]","","","","d34313c7"
"raw-source","ch15","8","s18_p4","source-json","s18_p4","word_problem","arithmetic","There are 40 people on the bus, 20 people got off. How many people are on the bus now?","20","","","085a7e0d"
"raw-source","ch15","9","s19_p1","source-json","s19_p1","dot_grid_copy","place-value/number","Draw the same shape.","","","","00fe9bb1"
"raw-source","ch15","10","s19_p2","source-json","s19_p2","matching","","Match to make 100.","[70,30]","","","d866a4b5"
"raw-source","ch15","10","s19_p2-2","source-json","s19_p2","matching","","Match to make 100.","[80,20]","","expanded from s19_p2","f7d92d2a"
"raw-source","ch15","10","s19_p2-3","source-json","s19_p2","matching","","Match to make 100.","[40,60]","","expanded from s19_p2","fa0d2729"
"raw-source","ch15","10","s19_p2-4","source-json","s19_p2","matching","","Match to make 100.","[10,90]","","expanded from s19_p2","91878648"
"raw-source","ch15","10","s19_p2-5","source-json","s19_p2","matching","","Match to make 100.","[50,50]","","expanded from s19_p2","1d7f734f"
"raw-source","ch15","10","s19_p2-6","source-json","s19_p2","matching","","Match to make 100.","[100,0]","","expanded from s19_p2","57f8d87f"
"raw-source","ch15","11","s19_p3","source-json","s19_p3","area_ordering","capacity","Arrange the following shapes from the greatest area to the least area.","B, A, C, D","","","5fd54aaa"
"raw-source","ch15","11","s19_p3-2","source-json","s19_p3","area_ordering","capacity","Arrange the following shapes from the greatest area to the least area.","B, A, C, D","","expanded from s19_p3","a6e9d0d1"
"raw-source","ch15","11","s19_p3-3","source-json","s19_p3","area_ordering","capacity","Arrange the following shapes from the greatest area to the least area.","B, A, C, D","","expanded from s19_p3","311dbc32"
"raw-source","ch15","11","s19_p3-4","source-json","s19_p3","area_ordering","capacity","Arrange the following shapes from the greatest area to the least area.","B, A, C, D","","expanded from s19_p3","439c40fb"
"raw-source","ch15","12","s19_p4","source-json","s19_p4","make_ten_addition","place-value/number","Make a ten to add 8 + 5","13","","","265a3678"
"raw-source","ch15","13","s19_p5","source-json","s19_p5","stick_construction","","How many sticks (—) were used to make the opposite shape?","12","","","be549c80"
"raw-source","ch16","1","s20_p1","source-json","s20_p1","number_ordering","capacity","Arrange the following numbers from least to greatest.","[19,63,85,94,100]","","","e60a5c0c"
"raw-source","ch16","1","s20_p1-2","source-json","s20_p1","number_ordering","capacity","Arrange the following numbers from least to greatest.","[19,63,85,94,100]","","expanded from s20_p1","fa618ed1"
"raw-source","ch16","1","s20_p1-3","source-json","s20_p1","number_ordering","capacity","Arrange the following numbers from least to greatest.","[19,63,85,94,100]","","expanded from s20_p1","c22a038c"
"raw-source","ch16","1","s20_p1-4","source-json","s20_p1","number_ordering","capacity","Arrange the following numbers from least to greatest.","[19,63,85,94,100]","","expanded from s20_p1","b8687e27"
"raw-source","ch16","1","s20_p1-5","source-json","s20_p1","number_ordering","capacity","Arrange the following numbers from least to greatest.","[19,63,85,94,100]","","expanded from s20_p1","8686311a"
"raw-source","ch16","2","s20_p2","source-json","s20_p2","analog_clock_read","time","Let's read the clocks.","","","","138aa8ab"
"raw-source","ch16","2","s20_p2-2","source-json","s20_p2","analog_clock_read","time","Let's read the clocks.","","","expanded from s20_p2","d517e6bc"
"raw-source","ch16","2","s20_p2-3","source-json","s20_p2","analog_clock_read","time","Let's read the clocks.","","","expanded from s20_p2","a388a54b"
"raw-source","ch16","3","s20_p3","source-json","s20_p3","stick_construction","","We made a shape using sticks (—) as follow. Answer the questions.","","","","a72abf6f"
"raw-source","ch16","4","s20_p4","source-json","s20_p4","multiple_choice","","Choose the correct answer.","","","","5177d300"
"raw-source","ch16","5","ass16_p1","source-json","ass16_p1","trace_source_identification","shape","We traced a shape onto paper, and it looks like a red circle. Which shape did we trace?","cylinder","[""cuboid"",""triangular_prism"",""cube"",""cylinder""]","","4e82722d"
"raw-source","ch16","6","ass16_p2","source-json","ass16_p2","capacity_matching","capacity","Match the equal amounts (number of cups).","{""item1"":""Patterned vase"",""item2"":""Yellow pitcher"",""cups"":3}","","","c4f1c504"
"raw-source","ch16","6","ass16_p2-2","source-json","ass16_p2","capacity_matching","capacity","Match the equal amounts (number of cups).","{""item1"":""Red gas can"",""item2"":""Red vase"",""cups"":4}","","expanded from ass16_p2","ebf14117"
"raw-source","ch16","6","ass16_p2-3","source-json","ass16_p2","capacity_matching","capacity","Match the equal amounts (number of cups).","{""item1"":""Orange juice box"",""item2"":""Green bucket"",""cups"":5}","","expanded from ass16_p2","b677864d"
"raw-source","ch16","6","ass16_p2-4","source-json","ass16_p2","capacity_matching","capacity","Match the equal amounts (number of cups).","{""item1"":""Red teapot"",""item2"":""Pink water bottle"",""cups"":6}","","expanded from ass16_p2","ad0944a0"
"raw-source","ch16","7","ass16_p3","source-json","ass16_p3","odd_one_out_3d","shape","Cross out the shape that does not belong in each group.","","","","bf6b31cb"
"raw-source","ch16","8","ass16_p4","source-json","ass16_p4","shape_decomposition","shape","Which shapes were used to make the opposite structure? Choose all that apply.","[""cube"",""cylinder"",""cuboid""]","[""cube"",""cylinder"",""cuboid"",""sphere""]","","bf007505"
"raw-source","ch16","9","ass16_p5","source-json","ass16_p5","area_ordering_grid","capacity","Arrange from the largest area to the smallest area.","A, D, B, C","","","b94bfa8e"
"raw-source","ch16","9","ass16_p5-2","source-json","ass16_p5","area_ordering_grid","capacity","Arrange from the largest area to the smallest area.","A, D, B, C","","expanded from ass16_p5","7d98b2ff"
"raw-source","ch16","9","ass16_p5-3","source-json","ass16_p5","area_ordering_grid","capacity","Arrange from the largest area to the smallest area.","A, D, B, C","","expanded from ass16_p5","8230707e"
"raw-source","ch16","9","ass16_p5-4","source-json","ass16_p5","area_ordering_grid","capacity","Arrange from the largest area to the smallest area.","A, D, B, C","","expanded from ass16_p5","383f699d"
"raw-source","ch16","10","ass16_p6","source-json","ass16_p6","object_part_counting","","How many of each shape were used to make the toy cart?","","","","f6e2fa20"
"raw-source","ch17","1","ass17_p1","source-json","ass17_p1","number_comparison","place-value/number","Compare using >, <, or =.",">","","","1ce918e2"
"raw-source","ch17","1","ass17_p1-2","source-json","ass17_p1","number_comparison","place-value/number","Compare using >, <, or =.",">","","expanded from ass17_p1","fc80f113"
"raw-source","ch17","1","ass17_p1-3","source-json","ass17_p1","number_comparison","place-value/number","Compare using >, <, or =.","<","","expanded from ass17_p1","348fda98"
"raw-source","ch17","2","ass17_p2","source-json","ass17_p2","fill_missing_numbers","place-value/number","Write the missing numbers.","","","","385ab8ac"
"raw-source","ch17","3","ass17_p3","source-json","ass17_p3","visual_pattern_completion","","Continue the pattern.","","","","de9235e9"
"raw-source","ch17","4","ass17_p4","source-json","ass17_p4","counting_to_100","place-value/number","Count the total number of objects. (Bundles of 10 and ones)","45","","","3534ec4b"
"raw-source","ch17","4","ass17_p4-2","source-json","ass17_p4","counting_to_100","place-value/number","Count the total number of objects. (Bundles of 10 and ones)","20","","expanded from ass17_p4","ce14ed47"
"raw-source","ch17","5","ch17-s21-q1","source-json","ch17-s21-q1","place-value-composition","place-value/number","20 and 3 make __","23","","","f7fe4df8"
"raw-source","ch17","6","ch17-s21-q4","source-json","ch17-s21-q4","ordinal-word-problem","arithmetic","If you are the 4th person in a line, how many people are in front of you?","3","","","9e2bd2a6"
"raw-source","ch17","7","ch17-s21-q5","source-json","ch17-s21-q5","number-comparison","place-value/number","Which is greater: 5 tens or 48 ones?","5 tens","","","5b2496b5"
"raw-source","ch17","8","ch17-s22-q1","source-json","ch17-s22-q1","analog-clock-read","time","Write the time shown on the clock.","3:30","","","5c520166"
"raw-source","ch17","9","ch17-s22-q3","source-json","ch17-s22-q3","shape-logic-counting","shape","How many green triangle papers do you need to cover a 2x2 square area if each small square uses 2 triangles?","8","","","c2e4c95e"
"raw-source","ch17","10","ch17-s22-q5","source-json","ch17-s22-q5","subtraction-word-problem","arithmetic","There were 12 cakes. 4 were eaten. How many are left?","8","","","d2364662"
"raw-source","ch17","11","ch17-s23-q1","source-json","ch17-s23-q1","shape-tracing-match","shape","Which shape do you get when tracing these objects?","{""object"":""Tissue box"",""shape"":""Rectangle""}","","","0abfea56"
"raw-source","ch17","11","ch17-s23-q1-2","source-json","ch17-s23-q1","shape-tracing-match","shape","Which shape do you get when tracing these objects?","{""object"":""Tent"",""shape"":""Triangle""}","","expanded from ch17-s23-q1","e642f117"
"raw-source","ch17","11","ch17-s23-q1-3","source-json","ch17-s23-q1","shape-tracing-match","shape","Which shape do you get when tracing these objects?","{""object"":""Ball"",""shape"":""Circle""}","","expanded from ch17-s23-q1","0aef3444"
"raw-source","ch17","12","ch17-s23-q4","source-json","ch17-s23-q4","stick-construction-analysis","","Look at the shape made of sticks [cross shape]. Answer the questions.","","","","86336032"
"adapted-source","ch10","1","ch10-s1-q1","unknown","ch10-s1-q1","quiz","shape-3d-identify","Which option is prism?","prism","[""sphere"",""cylinder"",""prism"",""cube""]","context=cheese-wedge","604ce845"
"adapted-source","ch10","2","ch10-s1-q1-2","unknown","ch10-s1-q1-2","quiz","shape-3d-identify","Which option is sphere?","sphere","[""sphere"",""cylinder"",""cuboid"",""cylinder""]","context=basket-ball","df5e3c2b"
"adapted-source","ch10","3","ch10-s1-q2","unknown","ch10-s1-q2","quiz","shape-3d-identify","Which option is cuboid?","Cuboid shape","[""Prism shape"",""Cuboid shape"",""Cube shape"",""Ball shape"",""Cylinder shape""]","context=brown-box","c0133e42"
"adapted-source","ch10","4","ch10-s1-q2-2","unknown","ch10-s1-q2-2","quiz","shape-3d-identify","Which option is prism?","Prism shape","[""Prism shape"",""Cuboid shape"",""Cube shape"",""Ball shape"",""Cylinder shape""]","context=blue-wedge","e2e846ea"
"adapted-source","ch10","5","ch10-s1-q2-3","unknown","ch10-s1-q2-3","quiz","shape-3d-identify","Which option is sphere?","Ball shape","[""Prism shape"",""Cuboid shape"",""Cube shape"",""Ball shape"",""Cylinder shape""]","context=green-ball","e833e7c9"
"adapted-source","ch10","6","ch10-s1-q2-4","unknown","ch10-s1-q2-4","quiz","shape-3d-identify","Which option is cylinder?","Cylinder shape","[""Prism shape"",""Cuboid shape"",""Cube shape"",""Ball shape"",""Cylinder shape""]","context=orange-roll","2c819c0b"
"adapted-source","ch10","7","ch10-s1-q2-5","unknown","ch10-s1-q2-5","quiz","shape-3d-identify","Which option is cube?","Cube shape","[""Prism shape"",""Cuboid shape"",""Cube shape"",""Ball shape"",""Cylinder shape""]","context=blue-cube","22fd3344"
"adapted-source","ch10","8","ch10-s2-q1","unknown","ch10-s2-q1","interactive","shape-3d-to-2d","What 2D shape comes from cylinder?","circle","[""circle"",""triangle"",""rectangle"",""square""]","context=cylinder","e5793956"
"adapted-source","ch10","9","ch10-s2-q1-2","unknown","ch10-s2-q1-2","interactive","shape-3d-to-2d","What 2D shape comes from prism?","triangle","[""triangle"",""square"",""circle"",""rectangle""]","context=prism","0a145ca7"
"adapted-source","ch10","10","ch10-s2-q1-3","unknown","ch10-s2-q1-3","interactive","shape-3d-to-2d","What 2D shape comes from cuboid?","rectangle","[""rectangle"",""triangle"",""circle"",""square""]","context=cuboid","10ce65f2"
"adapted-source","ch10","11","ch10-s2-q1-4","unknown","ch10-s2-q1-4","interactive","shape-3d-to-2d","What 2D shape comes from cube?","square","[""square"",""circle"",""triangle"",""rectangle""]","context=cube","d1690765"
"adapted-source","ch10","12","ch10-a-q5-1-cube","unknown","ch10-a-q5-1-cube","interactive","place-value-group","Group/count 6 blocks","0 tens, 6 ones","","context=cube","4f87aa56"
"adapted-source","ch10","13","ch10-a-q5-1-cuboid","unknown","ch10-a-q5-1-cuboid","interactive","place-value-group","Group/count 2 blocks","0 tens, 2 ones","","context=cuboid","285140ae"
"adapted-source","ch10","14","ch10-a-q5-1-cylinder","unknown","ch10-a-q5-1-cylinder","interactive","place-value-group","Group/count 1 blocks","0 tens, 1 ones","","context=cylinder","51c03162"
"adapted-source","ch11","1","ch11-s3-q1","unknown","ch11-s3-q1","interactive","compare-capacity","Arrange containers from least to most cups.","order C -> B -> A / [1,2,3]","[""A:3"",""B:2"",""C:1""]","context=teapot","5416fd12"
"adapted-source","ch11","2","ch11-s4-q1","unknown","ch11-s4-q1","interactive","compare-capacity","Tap the container that has more water.","7","[""green:5"",""orange:7"",""brown-clay:3""]","context=bucket","b5f1f08a"
"adapted-source","ch11","3","ch11-s5-q1","unknown","ch11-s5-q1","interactive","compare-area","Which shape has the smaller area?","D","[{""label"":""D"",""count"":2,""color"":""blue""},{""label"":""A"",""count"":4,""color"":""blue""}]","context=area","186f7a55"
"adapted-source","ch11","4","ch11-s5-q1-pair2","unknown","ch11-s5-q1-pair2","interactive","compare-area","Which shape has the smaller area?","A","[{""label"":""A"",""count"":4,""color"":""blue""},{""label"":""B"",""count"":6,""color"":""blue""}]","context=area","f11bd8a0"
"adapted-source","ch11","5","ch11-s5-q1-pair3","unknown","ch11-s5-q1-pair3","interactive","compare-area","Which shape has the smaller area?","B","[{""label"":""B"",""count"":6,""color"":""blue""},{""label"":""C"",""count"":8,""color"":""blue""}]","context=area","114d52fb"
"adapted-source","ch11","6","ch11-s6-q1","unknown","ch11-s6-q1","interactive","compare-area","Which shape has the larger area?","Shape A","[{""label"":""Shape A"",""count"":16,""color"":""blue""},{""label"":""Shape B"",""count"":8,""color"":""orange""}]","context=area","78e19465"
"adapted-source","ch11","7","ch11-s6-q1-pair2","unknown","ch11-s6-q1-pair2","interactive","compare-area","Which shape has the larger area?","Shape B","[{""label"":""Shape A"",""count"":8,""color"":""blue""},{""label"":""Shape B"",""count"":20,""color"":""orange""}]","context=area","85f10c05"
"adapted-source","ch11","8","ch11-s6-q1-pair3","unknown","ch11-s6-q1-pair3","interactive","compare-area","Which shape has the larger area?","Shape A","[{""label"":""Shape A"",""count"":20,""color"":""blue""},{""label"":""Shape B"",""count"":10,""color"":""orange""}]","context=area","0c932713"
"adapted-source","ch11","9","ch11-s6-q3","unknown","ch11-s6-q3","interactive","add-sub-mixed","Omar colored 12 squares. Youssef colored 7 squares. How many more squares did Omar color?","5","","context=Which one wins?","5ae75d52"
"adapted-source","ch12","1","ch12-s7-q1","unknown","ch12-s7-q1","interactive","addition-make-10","9 + 3","{""finalAnswer"":12,""blanks"":[1,1,2,1,2,12]}","","","0313ac3d"
"adapted-source","ch12","2","ch12-s7-q1-2","unknown","ch12-s7-q1-2","interactive","addition-make-10","5 + 8","{""finalAnswer"":13,""blanks"":[2,2,3,2,3,13]}","","","bd93ff81"
"adapted-source","ch12","3","ch12-s7-q3","unknown","ch12-s7-q3","interactive","add-sub-mixed","There are 8 dogs. 7 more dogs come. How many dogs are there in total?","15","","context=dogs","2bc2a7f3"
"adapted-source","ch12","4","ch12-a-q1","unknown","ch12-a-q1","quiz","guided-box-make10","7 + ? = 10","{""finalAnswer"":3,""blanks"":[3]}","","","11bf971c"
"adapted-source","ch12","5","ch12-a-q1-2","unknown","ch12-a-q1-2","quiz","guided-box-make10","? + 9 = 10","{""finalAnswer"":1,""blanks"":[1]}","","","1b8d9a31"
"adapted-source","ch12","6","ch12-a-q1-3","unknown","ch12-a-q1-3","quiz","guided-box-make10","10 + 8 = ?","{""finalAnswer"":18,""blanks"":[18]}","","","8f705ec0"
"adapted-source","ch12","7","ch12-a-q1-4","unknown","ch12-a-q1-4","quiz","guided-box-make10","9 + 7 = ?","{""finalAnswer"":16,""blanks"":[16]}","","","01d38985"
"adapted-source","ch13","1","ch13-s8-q1","unknown","ch13-s8-q1","interactive","subtraction-use-10","14 - 8","{""finalAnswer"":6,""blanks"":[4,4,4,4,6]}","","","831c66df"
"adapted-source","ch13","2","ch13-s8-q3","unknown","ch13-s8-q3","quiz","guided-box-make10","10 + 5 = ?","{""finalAnswer"":15,""blanks"":[15]}","","","a66c86f3"
"adapted-source","ch13","3","ch13-s8-q3-2","unknown","ch13-s8-q3-2","quiz","guided-box-sub10","18 - 9 = ?","{""finalAnswer"":9,""blanks"":[9]}","","","ce5be2a8"
"adapted-source","ch13","4","ch13-s8-q3-3","unknown","ch13-s8-q3-3","quiz","guided-box-sub10","14 - 7 = ?","{""finalAnswer"":7,""blanks"":[7]}","","","dad50441"
"adapted-source","ch13","5","ch13-s8-q3-4","unknown","ch13-s8-q3-4","quiz","guided-box-sub10","12 - 4 = ?","{""finalAnswer"":8,""blanks"":[8]}","","","fed7e46c"
"adapted-source","ch13","6","ch13-a-q1","unknown","ch13-a-q1","quiz","guided-box-sub10","15 - 8","{""finalAnswer"":7,""blanks"":[7]}","","","8318419c"
"adapted-source","ch13","7","ch13-a-q1-2","unknown","ch13-a-q1-2","interactive","shape-3d-to-2d","What 2D shape comes from prism?","triangle","[""triangle"",""square"",""circle"",""rectangle""]","context=We traced a shape onto paper, and it looks like the opposite shape. Which shape did we trace?","0a145ca7"
"adapted-source","ch14","1","ch14-s9-q1","unknown","ch14-s9-q1","interactive","place-value-group","Group/count 40 blocks","4 tens, 0 ones","","context=block","cf45e2ff"
"adapted-source","ch14","2","ch14-s9-q1-2","unknown","ch14-s9-q1-2","interactive","place-value-group","Group/count 60 blocks","6 tens, 0 ones","","context=block","9bf7fbe3"
"adapted-source","ch14","3","ch14-s9-q1-3","unknown","ch14-s9-q1-3","interactive","place-value-group","Group/count 80 blocks","8 tens, 0 ones","","context=block","1d6c95bf"
"adapted-source","ch14","4","ch14-s10-q1","unknown","ch14-s10-q1","interactive","place-value-group","Group/count 36 sticks","3 tens, 6 ones","","context=stick","15beede6"
"adapted-source","ch14","5","ch14-s10-q1-2","unknown","ch14-s10-q1-2","interactive","place-value-group","Group/count 18 sticks","1 tens, 8 ones","","context=stick","5449554a"
"adapted-source","ch14","6","ch14-s10-q1-3","unknown","ch14-s10-q1-3","interactive","place-value-group","Group/count 90 sticks","9 tens, 0 ones","","context=stick","2b3dd90a"
"adapted-source","ch14","7","ch14-s10-q4","unknown","ch14-s10-q4","interactive","add-sub-mixed","Ahmed had 13 pencils. He gave away 9 of them. How many pencils does he have now?","4","","context=pencils","5dae5326"
"adapted-source","ch14","8","ch14-s11-q1","unknown","ch14-s11-q1","quiz","guided-box-make10","30 + ? = 100","{""finalAnswer"":100,""blanks"":[70]}","","context=hundreds chart","89ecc6fa"
"adapted-source","ch14","9","ch14-s11-q1-2","unknown","ch14-s11-q1-2","quiz","guided-box-make10","40 + ? = 100","{""finalAnswer"":100,""blanks"":[60]}","","context=hundreds chart","e596ed86"
"adapted-source","ch14","10","ch14-s11-q1-3","unknown","ch14-s11-q1-3","quiz","guided-box-make10","50 + ? = 100","{""finalAnswer"":100,""blanks"":[50]}","","context=hundreds chart","53beaa0a"
"adapted-source","ch14","11","ch14-s11-q1-4","unknown","ch14-s11-q1-4","quiz","guided-box-make10","80 + ? = 100","{""finalAnswer"":100,""blanks"":[20]}","","context=hundreds chart","a2500458"
"adapted-source","ch14","12","ch14-s12-q1","unknown","ch14-s12-q1","interactive","place-value-hundreds-chart","fill-missing on hundreds chart","47","","context=hundreds chart","62ac46ef"
"adapted-source","ch14","13","ch14-s12-q1-2","unknown","ch14-s12-q1-2","interactive","place-value-hundreds-chart","fill-missing on hundreds chart","82","","context=hundreds chart","f34f39b9"
"adapted-source","ch14","14","ch14-s15-q1","unknown","ch14-s15-q1","quiz","guided-box-sub10","74 - 1","{""finalAnswer"":73,""blanks"":[73]}","","","bdc1d231"
"adapted-source","ch14","15","ch14-s15-q1-2","unknown","ch14-s15-q1-2","quiz","guided-box-make10","30 + 70","{""finalAnswer"":100,""blanks"":[100]}","","","6e31c68a"
"adapted-source","ch14","16","ch14-s15-q1-3","unknown","ch14-s15-q1-3","quiz","guided-box-sub10","50 - 10","{""finalAnswer"":40,""blanks"":[40]}","","","f1241461"
"adapted-source","ch14","17","ch14-s15-q1-4","unknown","ch14-s15-q1-4","quiz","guided-box-make10","86 + 10","{""finalAnswer"":96,""blanks"":[96]}","","","29df075a"
"adapted-source","ch14","18","ch14-s16-q1","unknown","ch14-s16-q1","interactive","compare-capacity","Arrange containers from least to most cups.","order A -> C -> B / [1,4,2]","[""A:1"",""B:4"",""C:2""]","context=beakers_blue_liquid","368a7de2"
"adapted-source","ch14","19","ch14-s16-q3","unknown","ch14-s16-q3","interactive","add-sub-mixed","Mariam had 80 candies. She gave 40 to her brother. How many does she have left?","40","","context=items","c98050c7"
"adapted-source","ch15","1","s17_p2","unknown","s17_p2","quiz","guided-box-sub10","60 - 20 = ?","{""finalAnswer"":40,""blanks"":[40]}","","","5ba4ae74"
"adapted-source","ch15","2","s17_p2-2","unknown","s17_p2-2","quiz","guided-box-sub10","4 groups of 10 make ?","{""finalAnswer"":40,""blanks"":[40]}","","","bda998f9"
"adapted-source","ch15","3","s17_p2-3","unknown","s17_p2-3","quiz","guided-box-make10","71 + 8 = ?","{""finalAnswer"":79,""blanks"":[79]}","","","f44dc89e"
"adapted-source","ch15","4","s17_p2-4","unknown","s17_p2-4","quiz","guided-box-sub10","52 - 2 = ?","{""finalAnswer"":50,""blanks"":[50]}","","","e9dc6e9f"
"adapted-source","ch15","5","s17_p3","unknown","s17_p3","quiz","number-comparison","62 ? 69; 19 ? 91; 120 ? 112; 54 ? 47","62 < 69; 19 < 91; 120 > 112; 54 > 47",">; <; =","","0d0a5c13"
"adapted-source","ch15","6","s17_p4","unknown","s17_p4","interactive","compare-capacity","Arrange containers from least to most cups.","order A -> D -> B -> C / [4,2,1,3]","[""A:4"",""B:2"",""C:1"",""D:3""]","context=container","df8d6c93"
"adapted-source","ch15","7","s18_p2","unknown","s18_p2","quiz","guided-box-sub10","? 10s make 70","{""finalAnswer"":7,""blanks"":[7]}","","","f256dc5f"
"adapted-source","ch15","8","s18_p2-2","unknown","s18_p2-2","quiz","guided-box-sub10","10 and ? make 12","{""finalAnswer"":2,""blanks"":[2]}","","","313dbc8a"
"adapted-source","ch15","9","s18_p2-3","unknown","s18_p2-3","quiz","guided-box-sub10","Pieces of colored green triangle paper needed to make a larger triangle (4 internal pieces)","{""finalAnswer"":4,""blanks"":[4]}","","","ce76d1af"
"adapted-source","ch15","10","s18_p2-4","unknown","s18_p2-4","quiz","guided-box-sub10","5 less than 90 is ?","{""finalAnswer"":85,""blanks"":[85]}","","","d556c5ec"
"adapted-source","ch15","11","s18_p3","unknown","s18_p3","interactive","place-value-hundreds-chart","fill-missing on hundreds chart","55","","context=hundreds chart","2be91820"
"adapted-source","ch15","12","s18_p3-2","unknown","s18_p3-2","interactive","place-value-hundreds-chart","fill-missing on hundreds chart","76","","context=hundreds chart","64248493"
"adapted-source","ch15","13","s18_p4","unknown","s18_p4","interactive","add-sub-mixed","There are 40 people on the bus, 20 people got off. How many people are on the bus now?","20","","context=items","d7c324fb"
"adapted-source","ch15","14","s19_p2","unknown","s19_p2","quiz","guided-box-make10","70 + ? = 100","{""finalAnswer"":100,""blanks"":[30]}","","","683e5875"
"adapted-source","ch15","15","s19_p2-2","unknown","s19_p2-2","quiz","guided-box-make10","80 + ? = 100","{""finalAnswer"":100,""blanks"":[20]}","","","1e2d618d"
"adapted-source","ch15","16","s19_p2-3","unknown","s19_p2-3","quiz","guided-box-make10","40 + ? = 100","{""finalAnswer"":100,""blanks"":[60]}","","","80b507ca"
"adapted-source","ch15","17","s19_p2-4","unknown","s19_p2-4","quiz","guided-box-make10","10 + ? = 100","{""finalAnswer"":100,""blanks"":[90]}","","","89cddc7c"
"adapted-source","ch15","18","s19_p2-5","unknown","s19_p2-5","quiz","guided-box-make10","50 + ? = 100","{""finalAnswer"":100,""blanks"":[50]}","","","bfcbc347"
"adapted-source","ch15","19","s19_p2-6","unknown","s19_p2-6","quiz","guided-box-make10","100 + ? = 100","{""finalAnswer"":100,""blanks"":[0]}","","","9daec63d"
"adapted-source","ch15","20","s19_p3","unknown","s19_p3","interactive","compare-area","Which shape has the larger area?","B","[{""label"":""B"",""count"":9,""color"":""blue""},{""label"":""A"",""count"":8,""color"":""orange""}]","context=area","05dcb65d"
"adapted-source","ch15","21","s19_p3-pair2","unknown","s19_p3-pair2","interactive","compare-area","Which shape has the larger area?","A","[{""label"":""A"",""count"":8,""color"":""blue""},{""label"":""C"",""count"":5,""color"":""orange""}]","context=area","28afe804"
"adapted-source","ch15","22","s19_p3-pair3","unknown","s19_p3-pair3","interactive","compare-area","Which shape has the larger area?","C","[{""label"":""C"",""count"":5,""color"":""blue""},{""label"":""D"",""count"":4,""color"":""orange""}]","context=area","9ec14052"
"adapted-source","ch15","23","s19_p4","unknown","s19_p4","interactive","guided-box-make10","8 + 5","{""finalAnswer"":13,""blanks"":[2,2,3,3,13]}","","","c99423b3"
"adapted-source","ch16","1","s20_p1","unknown","s20_p1","quiz","guided-box-make10","19 < 63","{""finalAnswer"":63,""blanks"":[63]}","","","01ff10ca"
"adapted-source","ch16","2","s20_p1-2","unknown","s20_p1-2","quiz","guided-box-make10","63 < 85","{""finalAnswer"":85,""blanks"":[85]}","","","58223d39"
"adapted-source","ch16","3","s20_p1-3","unknown","s20_p1-3","quiz","guided-box-make10","85 < 94","{""finalAnswer"":94,""blanks"":[94]}","","","1fbbba3c"
"adapted-source","ch16","4","s20_p1-4","unknown","s20_p1-4","quiz","guided-box-make10","94 < 100","{""finalAnswer"":100,""blanks"":[100]}","","","a378df6d"
"adapted-source","ch16","5","s20_p2","unknown","s20_p2","interactive","tell-time","What time is it?","10:30","[""10:30"",""10:00""]","context=clock","2ed5140c"
"adapted-source","ch16","6","s20_p2-2","unknown","s20_p2-2","interactive","tell-time","What time is it?","7:00","[""7:00"",""7:30""]","context=clock","2b74d576"
"adapted-source","ch16","7","s20_p4","unknown","s20_p4","quiz","guided-box-sub10","70 - 10 = ?","{""finalAnswer"":60,""blanks"":[60]}","","","cc781f54"
"adapted-source","ch16","8","s20_p4-2","unknown","s20_p4-2","quiz","guided-box-sub10","8 tens and 5 ones make ?","{""finalAnswer"":85,""blanks"":[85]}","","","d17c4de1"
"adapted-source","ch16","9","s20_p4-3","unknown","s20_p4-3","quiz","guided-box-sub10","? is 5 more than 41","{""finalAnswer"":46,""blanks"":[46]}","","","ec5b73a8"
"adapted-source","ch16","10","s20_p4-4","unknown","s20_p4-4","quiz","guided-box-sub10","The name of the shape [blue cube] is ? shape","{""finalAnswer"":""cube"",""blanks"":[""cube""]}","","","2379d6c7"
"adapted-source","ch16","11","ass16_p1","unknown","ass16_p1","quiz","shape-3d-identify","Which option is cylinder?","cylinder","[""cuboid"",""triangular_prism"",""cube"",""cylinder""]","context=cylinder","fd51b38e"
"adapted-source","ch16","12","ass16_p2","unknown","ass16_p2","interactive","compare-capacity","Tap the container that has more water.","3","[""a:3"",""b:3""]","context=container","efbcb534"
"adapted-source","ch16","13","ass16_p2-2","unknown","ass16_p2-2","interactive","compare-capacity","Tap the container that has more water.","4","[""a:4"",""b:4""]","context=container","be1ad99c"
"adapted-source","ch16","14","ass16_p2-3","unknown","ass16_p2-3","interactive","compare-capacity","Tap the container that has more water.","5","[""a:5"",""b:5""]","context=container","7b0cd3fb"
"adapted-source","ch16","15","ass16_p2-4","unknown","ass16_p2-4","interactive","compare-capacity","Tap the container that has more water.","6","[""a:6"",""b:6""]","context=container","638b5b3b"
"adapted-source","ch16","16","ass16_p3","unknown","ass16_p3","quiz","shape-3d-identify","Which option is sphere?","sphere","[""sphere"",""cylinder"",""cylinder"",""cylinder""]","context=Which one does not belong?","d2a818af"
"adapted-source","ch16","17","ass16_p3-2","unknown","ass16_p3-2","quiz","shape-3d-identify","Which option is cube?","cube","[""cube"",""prism"",""prism"",""prism""]","context=Which one does not belong?","1fd37d62"
"adapted-source","ch16","18","ass16_p5","unknown","ass16_p5","interactive","compare-area","Which shape has the larger area?","A","[{""label"":""A"",""count"":4,""color"":""blue""},{""label"":""D"",""count"":4,""color"":""orange""}]","context=area","f4f3875f"
"adapted-source","ch16","19","ass16_p5-pair2","unknown","ass16_p5-pair2","interactive","compare-area","Which shape has the larger area?","D","[{""label"":""D"",""count"":4,""color"":""blue""},{""label"":""B"",""count"":3,""color"":""orange""}]","context=area","fc9a019d"
"adapted-source","ch16","20","ass16_p5-pair3","unknown","ass16_p5-pair3","interactive","compare-area","Which shape has the larger area?","B","[{""label"":""B"",""count"":3,""color"":""blue""},{""label"":""C"",""count"":2,""color"":""orange""}]","context=area","49391b51"
"adapted-source","ch16","21","ass16_p6","unknown","ass16_p6","interactive","place-value-group","Group/count 2 blocks","0 tens, 2 ones","","context=Count cube shapes","285140ae"
"adapted-source","ch16","22","ass16_p6-2","unknown","ass16_p6-2","interactive","place-value-group","Group/count 1 blocks","0 tens, 1 ones","","context=Count cuboid shapes","51c03162"
"adapted-source","ch16","23","ass16_p6-3","unknown","ass16_p6-3","interactive","place-value-group","Group/count 4 blocks","0 tens, 4 ones","","context=Count cylinder shapes","b86cb072"
"adapted-source","ch16","24","ass16_p6-4","unknown","ass16_p6-4","interactive","place-value-group","Group/count 0 blocks","0 tens, 0 ones","","context=Count ball shapes","f5bdf432"
"adapted-source","ch17","1","ass17_p1","unknown","ass17_p1","quiz","number-comparison","45 ? 27; 8 tens ? 11 ones; 79 ? 82","45 > 27; 8 tens > 11 ones; 79 < 82",">; <; =","","a48d10ad"
"adapted-source","ch17","2","ass17_p2","unknown","ass17_p2","interactive","place-value-hundreds-chart","fill-missing on hundreds chart","23","","context=hundreds chart","a88713b6"
"adapted-source","ch17","3","ass17_p2-2","unknown","ass17_p2-2","interactive","place-value-hundreds-chart","fill-missing on hundreds chart","65","","context=hundreds chart","3941625a"
"adapted-source","ch17","4","ass17_p4","unknown","ass17_p4","interactive","place-value-group","Group/count 45 sticks","4 tens, 5 ones","","context=bundle","dd61074a"
"adapted-source","ch17","5","ass17_p4-2","unknown","ass17_p4-2","interactive","place-value-group","Group/count 20 sticks","2 tens, 0 ones","","context=bundle","7192659c"
"adapted-source","ch17","6","ch17-s21-q1","unknown","ch17-s21-q1","quiz","guided-box-make10","20 and 3 make __","{""finalAnswer"":23,""blanks"":[23]}","","context=stick","032be230"
"adapted-source","ch17","7","ch17-s21-q4","unknown","ch17-s21-q4","quiz","guided-box-sub10","If you are the 4th person in a line, how many people are in front of you?","{""finalAnswer"":3,""blanks"":[3]}","","","b708cca1"
"adapted-source","ch17","8","ch17-s22-q1","unknown","ch17-s22-q1","interactive","tell-time","What time is it?","3:30","[""3:30"",""3:00""]","context=clock","41b4b535"
"adapted-source","ch17","9","ch17-s22-q5","unknown","ch17-s22-q5","interactive","add-sub-mixed","There were 12 cakes. 4 were eaten. How many are left?","8","","context=cakes","684f7a87"
"adapted-source","ch17","10","ch17-s23-q1","unknown","ch17-s23-q1","interactive","shape-3d-to-2d","What 2D shape comes from cube?","rectangle","[""rectangle"",""square"",""circle"",""triangle""]","context=Tissue box","e6b6fff9"
"adapted-source","ch17","11","ch17-s23-q1-2","unknown","ch17-s23-q1-2","interactive","shape-3d-to-2d","What 2D shape comes from cube?","triangle","[""triangle"",""square"",""circle"",""rectangle""]","context=Tent","70329559"
"adapted-source","ch17","12","ch17-s23-q1-3","unknown","ch17-s23-q1-3","interactive","shape-3d-to-2d","What 2D shape comes from cube?","circle","[""circle"",""square"",""triangle"",""rectangle""]","context=Ball","07b0ffc9"
"assessment-source","final_2","1","f2_p1","assessment-json","f2_p1","analog-clock-read-multiple","time","What time is it?","[{""id"":""f2_c1"",""time"":""1:15"",""details"":""Hour hand past 1, minute hand at 3""},{""id"":""f2_c2"",""time"":""6:30"",""details"":""Hour hand between 6-7, minute hand at 6""},{""id"":""f2_c3"",""time"":""2:45"",""details"":""Hour hand near 3, minute hand at 9""}]","[{""id"":""f2_c1"",""time"":""1:15"",""details"":""Hour hand past 1, minute hand at 3""},{""id"":""f2_c2"",""time"":""6:30"",""details"":""Hour hand between 6-7, minute hand at 6""},{""id"":""f2_c3"",""time"":""2:45"",""details"":""Hour hand near 3, minute hand at 9""}]","","dce04d70"
"assessment-source","final_2","2","f2_p2","assessment-json","f2_p2","number-ordering","capacity","Order from least to greatest.","[10,13,30,31]","","","ad5cf31c"
"assessment-source","final_2","3","f2_p3","assessment-json","f2_p3","shape-footprint-match","shape","Match the 3D shape to its face footprint.","[{""3d"":""cube"",""face"":""square""},{""3d"":""cuboid"",""face"":""rectangle""},{""3d"":""cylinder"",""face"":""circle""}]","","","1ab52c8a"
"assessment-source","final_2","4","f2_p4","assessment-json","f2_p4","money-counting","","How much money? (L.E.)","[{""id"":""f2_m1"",""composition"":""one 10 LE note + five 1 LE coins"",""answer"":15},{""id"":""f2_m2"",""composition"":""two 20 LE notes"",""answer"":40}]","[{""id"":""f2_m1"",""composition"":""one 10 LE note + five 1 LE coins"",""answer"":15},{""id"":""f2_m2"",""composition"":""two 20 LE notes"",""answer"":40}]","","ba682fb9"
"assessment-source","final_3","1","f3_p1","assessment-json","f3_p1","composite-shape-analysis","shape","A parallelogram is made of 2 __?","triangles","[""circles"",""triangles"",""squares""]","","cdb88c7d"
"assessment-source","final_3","2","f3_p2","assessment-json","f3_p2","grid-navigation","place-value/number","On the 100-chart, what is the number above 55?","45","","","792cf16e"
"assessment-source","final_3","3","f3_p3","assessment-json","f3_p3","area-comparison","area","Which color shape has the largest area?","Yellow","[{""color"":""Yellow"",""units"":8},{""color"":""Blue"",""units"":6}]","","f8f7a7ce"
"assessment-source","final_4","1","f4_p1","assessment-json","f4_p1","word-to-number","place-value/number","Which number is 'one hundred'?","100","","","926a4822"
"assessment-source","final_4","2","f4_p2","assessment-json","f4_p2","make-a-ten-strategy","place-value/number","To subtract 17 - 8, we can decompose 8 into 7 and 1. 17 - 7 = 10. 10 - 1 = __?","9","","","ab3d1dbb"
"assessment-source","final_4","3","f4_p3","assessment-json","f4_p3","clock-hands-drawing","time","Draw the minute hand for 5:20. Where should it point?","4","[4,5,20]","","4c70080f"
"assessment-source","final_5","1","f5_p1","assessment-json","f5_p1","dot-grid-copy","place-value/number","Copy the 'M' shape onto the dot grid.","","","","e59fbc66"
"assessment-source","final_5","2","f5_p2","assessment-json","f5_p2","ordinal-logic","","Ibrahim is 5th from the back. There are 8 people in front of him. How many people in total?","13","","","cf559029"
"assessment-source","final_6","1","f6_p1","assessment-json","f6_p1","3d-shape-identification","shape","Which shape is a cylinder?","soup can","[""soup can"",""dice"",""pencil box""]","","b9e90c63"
"assessment-source","final_6","2","f6_p2","assessment-json","f6_p2","clock-hands-drawing","time","Draw hands for 7:15. Minute hand should be at __?","3","","","eafd9ffb"
"assessment-source","final_7","1","f7_p1","assessment-json","f7_p1","dot-grid-copy","place-value/number","Copy the mushroom shape onto the dot grid.","","","","f17166d6"
"assessment-source","final_7","2","f7_p2","assessment-json","f7_p2","subtraction-word-problem","arithmetic","There are 17 children. There are 9 fewer teachers than children. How many teachers are there?","8","","","95e2a9da"
"assessment-source","final_8","1","f8_p1","assessment-json","f8_p1","stick-counting","","How many sticks are used to make the hourglass shape?","6","","","4c6cec19"
"assessment-source","final_8","2","f8_p2","assessment-json","f8_p2","area-unit-comparison","area","Heba's shape has 19 units. Gamal's has 17 units. Who has the larger area?","Heba","","","d79109ac"
"assessment-source","final_9","1","f9_p1","assessment-json","f9_p1","3d-face-tracing","shape","Tracing a face of a __ gives a square.","cube","","","407cb84c"
"assessment-source","final_9","2","f9_p2","assessment-json","f9_p2","capacity-math","capacity","Container B holds 10 cups. Container A holds 8 cups. How many more cups does B hold than A?","2","","","551b0a8f"
"assessment-source","final_10","1","f10_p1","assessment-json","f10_p1","object-category-match","","Which object is a sphere?","tennis ball","","","71210b3a"
"assessment-source","final_10","2","f10_p2","assessment-json","f10_p2","ordinal-reasoning","","There are 20 books on a shelf. The food book is 10th from the left. How many books are to its right?","10","","","3cc23177"
"assessment-source","final_10","3","f10_p3","assessment-json","f10_p3","analog-clock-read-mixed","time","Read the following times.","[""8:00"",""7:15"",""9:45""]","[""8:00"",""7:15"",""9:45""]","","db7e29c5"
